avocado_id,temperature,humidity,pressure,gas_resistance,co2,day,ripeness_label,time_hours,box_type
11,28.6,75.3,1008.5,314.6,5000,1,0,48,1
12,28.3,76.7,1008.3,368.4,5000,1,0,48,1
13,28.5,76.4,1008.7,408.5,3215,1,0,48,1
14,28.6,75.7,1008.5,387.3,4152,1,0,48,1
15,28.7,75.5,1007.9,367.9,5000,1,0,48,1
16,28.4,75.4,1008.1,427.5,5000,1,0,48,1
17,28.7,75.9,1007.5,378.5,2451,1,0,48,1
18,28.3,77.8,1008.5,437.4,4326,1,0,48,1
19,28.1,77.4,1008.3,356.7,3763,1,0,48,1
20,28.1,78.1,1007.9,423.6,5000,1,0,48,1
11,31.4,68.1,1004.5,309.6,5000,1,0,54,1
12,31.1,64.6,1005.6,306.7,5000,1,0,54,1
13,30.4,65.7,1004.7,381.2,5000,1,0,54,1
14,29.9,66.6,1005.9,267.3,2517,1,0,54,1
15,31.2,68.2,1004.6,386.8,5000,1,0,54,1
16,31.2,69.5,1003.6,363.0,5000,1,0,54,1
17,31.4,68.4,1004.7,365.7,3671,1,0,54,1
18,31.1,67.2,1004.6,389.2,4557,1,0,54,1
19,30.6,66.2,1004.7,370.5,3166,1,0,54,1
20,30.5,69.9,1004.3,373.7,2393,1,0,54,1
11,28.5,79.6,1007.4,471.2,5000,1,0,66,1
12,29.4,78.5,1008.1,451.6,3245,1,0,66,1
13,28.7,78.2,1007.6,398.2,4326,1,0,66,1
14,29.4,79.4,1008.5,256.6,5000,1,0,66,1
15,28.5,79.5,1008.7,436.8,5000,1,0,66,1
16,28.4,79.4,1008.4,418.9,4215,1,0,66,1
17,28.8,78.1,1009.1,361.5,3728,1,0,66,1
18,29.1,79.4,1007.8,418.7,3417,1,0,66,1
19,29.6,79.8,1008.3,398.6,5000,1,0,66,1
20,29.1,79.1,1009.1,322.5,5000,1,0,66,1
11,27.3,78.4,1008.4,392.3,3220,2,0,72,1
12,27.4,78.9,1009.5,362.5,2580,2,0,72,1
13,27.3,77.8,1009.5,432.7,4320,2,0,72,1
14,28.1,78.5,1008.5,236.5,3120,2,0,72,1
15,27.4,78.2,1008.9,325.6,2950,2,0,72,1
16,27.7,77.9,1009.4,418.5,3125,2,0,72,1
17,28.3,78.0,1009.8,225.6,2570,2,0,72,1
18,27.6,77.6,1008.3,446.7,4250,2,0,72,1
19,27.5,78.8,1008.1,398.5,4250,2,0,72,1
20,27.3,78.3,1009.1,414.6,3225,2,0,72,1
11,29.7,72.6,1005.6,432.6,4172,2,0,78,1
12,30.3,72.6,1005.3,327.6,3872,2,0,78,1
13,30.0,72.9,1004.3,248.1,5000,2,0,78,1
14,29.5,73.5,1005.7,387.4,5000,2,0,78,1
15,30.8,74.8,1004.6,491.4,3241,2,0,78,1
16,31.2,72.5,1005.1,389.6,4617,2,0,78,1
17,29.8,74.7,1005.1,471.6,3551,2,0,78,1
18,29.7,73.5,1006.4,290.1,2526,2,0,78,1
19,30.2,74.1,1004.2,351.3,5000,2,0,78,1
20,29.8,73.6,1004.1,482.6,3718,2,0,78,1
11,29.3,73.0,1005.4,420.2,4120,2,0,84,1
12,29.8,73.2,1005.1,340.3,3800,2,0,84,1
13,29.5,73.5,1004.1,310.5,4900,2,0,84,1
14,29.0,74.0,1005.5,390.5,4850,2,0,84,1
15,30.3,75.2,1004.4,378.1,3300,2,0,84,1
16,30.7,73.0,1005.0,452.5,4550,2,0,84,1
17,29.4,75.0,1005.0,414.4,3600,2,0,84,1
18,29.2,74.0,1006.2,215.6,2650,2,0,84,1
19,29.7,74.5,1004.0,375.6,5000,2,0,84,1
20,29.4,74.0,1004.0,431.4,3750,2,0,84,1
11,27.6,77.0,1007.0,310.2,3600,2,0,90,1
12,27.3,77.8,1006.8,385.0,4250,2,0,90,1
13,27.1,76.5,1007.5,340.8,3120,2,0,90,1
14,27.0,76.9,1006.5,395.0,4800,2,0,90,1
15,27.4,77.1,1006.7,330.5,3650,2,0,90,1
16,27.5,76.0,1007.1,358.2,4380,2,0,90,1
17,27.1,76.4,1006.9,300.1,5000,2,0,90,1
18,26.9,75.6,1007.8,210.0,4250,2,0,90,1
19,27.2,77.0,1007.6,402.0,4650,2,0,90,1
20,27.6,76.7,1006.3,322.0,4480,2,0,90,1
11,28.1,76.5,1007.2,315.3,2520,3,1,96,1
12,27.8,77.2,1007.0,388.1,3251,3,1,96,1
13,27.6,76.0,1007.8,345.7,4126,3,1,96,1
14,27.5,76.5,1006.7,400.1,5000,3,1,96,1
15,27.9,77.3,1006.9,335.6,3240,3,1,96,1
16,28.0,76.1,1007.3,360.1,4351,3,1,96,1
17,27.5,76.5,1007.0,305.3,3401,3,1,96,1
18,27.2,75.8,1007.9,215.8,4160,3,1,96,1
19,27.8,77.0,1007.7,405.5,4230,3,1,96,1
20,28.2,76.8,1006.5,325.4,4150,3,1,96,1
11,29.3,75.8,1007.6,355.4,4250,3,0,102,1
12,29.7,76.1,1007.4,398.7,4500,3,0,102,1
13,28.9,75.3,1008.1,320.2,3750,3,0,102,1
14,28.8,75.9,1007.2,440.3,4900,3,0,102,1
15,29.5,76.6,1007.3,370.5,4100,3,0,102,1
16,29.6,75.6,1008.2,365.7,4450,3,0,102,1
17,29.0,75.7,1007.6,335.6,4820,3,0,102,1
18,28.6,75.1,1008.3,255.1,4700,3,0,102,1
19,29.2,76.2,1008.0,410.8,4950,3,0,102,1
20,29.8,75.9,1007.1,340.9,4520,3,0,102,1
11,29.6,77.1,1007.2,300.6,4700,3,0,108,1
12,30.0,77.4,1007.0,342.8,4950,3,0,108,1
13,29.2,76.3,1007.7,265.4,4200,3,0,108,1
14,29.1,76.9,1006.8,385.7,5000,3,0,108,1
15,29.8,77.6,1006.9,315.2,4520,3,0,108,1
16,29.9,76.8,1007.8,310.4,4800,3,0,108,1
17,29.4,77.0,1007.1,280.9,5000,3,0,108,1
18,29.0,76.2,1007.9,210.5,4950,3,0,108,1
19,29.5,77.3,1007.6,350.3,5000,3,0,108,1
20,30.2,76.7,1006.7,295.8,4880,3,0,108,1
11,29.1,78.2,1006.8,245.7,4450,3,0,114,1
12,29.5,78.6,1006.6,290.3,4620,3,0,114,1
13,28.8,77.4,1007.3,215.6,3980,3,0,114,1
14,28.7,78.0,1006.4,335.4,4700,3,0,114,1
15,29.3,78.7,1006.5,260.8,4300,3,0,114,1
16,29.4,77.8,1007.4,255.9,4500,3,0,114,1
17,29.0,78.1,1006.7,225.1,4680,3,0,114,1
18,28.6,77.3,1007.6,160.4,4550,3,0,114,1
19,29.1,78.4,1007.2,300.2,4800,3,0,114,1
20,29.6,77.6,1006.3,240.6,4600,3,0,114,1
11,29.0,76.4,1006.2,305.8,3950,4,0,120,1
12,29.3,76.8,1006.0,348.7,4025,4,0,120,1
13,28.6,75.9,1006.6,278.4,3650,4,0,120,1
14,28.5,76.3,1005.9,390.1,4200,4,0,120,1
15,29.1,77.0,1006.1,325.6,3810,4,0,120,1
16,29.2,76.2,1006.8,320.7,3985,4,0,120,1
17,28.8,76.5,1006.2,295.3,4100,4,0,120,1
18,28.4,75.8,1006.9,220.6,3920,4,0,120,1
19,28.9,76.7,1006.5,360.5,4150,4,0,120,1
20,28.7,76.1,1005.8,298.2,4005,4,0,120,1
11,29.3,77.3,1006.9,268.4,4180,4,0,126,1
12,29.6,77.7,1006.6,310.5,4325,4,0,126,1
13,28.9,76.8,1007.2,240.7,3890,4,0,126,1
14,28.8,77.2,1006.5,358.6,4500,4,0,126,1
15,29.4,77.9,1006.8,295.3,4100,4,0,126,1
16,29.5,77.1,1007.4,289.8,4280,4,0,126,1
17,29.1,77.4,1006.9,262.4,4385,4,0,126,1
18,28.7,76.7,1007.5,185.2,4200,4,0,126,1
19,29.2,77.6,1007.1,332.7,4450,4,0,126,1
20,29.0,77.0,1006.3,270.9,4305,4,0,126,1
11,29.6,78.1,1006.4,210.5,4450,4,0,132,1
12,29.9,78.5,1006.2,252.7,4600,4,0,132,1
13,29.2,77.6,1006.8,190.8,4200,4,0,132,1
14,29.1,78.0,1006.1,305.4,4750,4,0,132,1
15,29.7,78.7,1006.3,238.9,4400,4,0,132,1
16,29.8,77.9,1006.9,230.7,4550,4,0,132,1
17,29.4,78.2,1006.4,200.6,4680,4,0,132,1
18,29.0,77.5,1007.0,145.3,4500,4,0,132,1
19,29.5,78.4,1006.7,270.5,4800,4,0,132,1
20,29.3,77.8,1006.0,215.8,4620,4,0,138,1
11,29.9,79.0,1006.0,160.4,4800,4,1,138,1
12,30.2,79.4,1005.8,200.6,4950,4,0,138,1
13,29.5,78.5,1006.4,145.7,4550,4,0,138,1
14,29.4,78.9,1005.7,230.3,5000,4,0,138,1
15,30.0,79.6,1005.9,175.6,4720,4,0,138,1
16,30.1,78.8,1006.5,170.2,4880,4,0,138,1
17,29.7,79.1,1006.0,150.8,4950,4,0,138,1
18,29.3,78.4,1006.6,110.5,4700,4,0,138,1
19,29.8,79.3,1006.2,205.4,5000,4,0,138,1
20,29.6,78.7,1005.6,165.7,4850,4,0,138,1
11,29.5,77.6,1005.4,220.6,4200,5,1,144,1
12,29.8,78.0,1005.2,270.5,4380,5,0,144,1
13,29.1,77.1,1005.8,205.4,3980,5,0,144,1
14,29.0,77.5,1005.1,300.2,4520,5,0,144,1
15,29.6,78.3,1005.3,240.7,4150,5,0,144,1
16,29.7,77.4,1006.0,235.9,4300,5,0,144,1
17,29.3,77.8,1005.4,210.3,4400,5,0,144,1
18,28.9,77.0,1006.1,165.8,4180,5,0,144,1
19,29.4,78.1,1005.7,260.6,4480,5,0,144,1
20,29.2,77.3,1005.0,225.4,4320,5,0,144,1
11,29.8,78.7,1005.9,185.7,4550,5,1,150,1
12,30.1,79.1,1005.7,235.6,4700,5,0,150,1
13,29.4,78.2,1006.3,170.2,4300,5,0,150,1
14,29.3,78.6,1005.6,255.8,4850,5,0,150,1
15,29.9,79.4,1005.8,205.9,4480,5,0,150,1
16,30.0,78.5,1006.4,200.3,4620,5,0,150,1
17,29.6,78.9,1005.9,175.4,4750,5,0,150,1
18,29.2,78.1,1006.5,135.6,4500,5,0,150,1
19,29.7,79.2,1006.1,230.8,4900,5,0,150,1
20,29.5,78.4,1005.5,195.5,4680,5,0,150,1
11,30.0,79.1,1005.6,312.5,3680,5,2,156,1
12,30.3,79.5,1005.4,345.7,3820,5,2,156,1
13,29.6,78.6,1006.0,305.6,3450,5,1,156,1
14,29.5,79.0,1005.3,372.4,3950,5,0,156,1
15,30.1,79.8,1005.5,328.8,3600,5,0,156,1
16,30.2,78.9,1006.1,318.9,3750,5,1,156,1
17,29.8,79.3,1005.6,301.7,3880,5,0,156,1
18,29.4,78.5,1006.2,309.6,3620,5,0,156,1
19,29.9,79.6,1005.8,356.8,3980,5,1,156,1
20,29.7,78.8,1005.2,320.3,3800,5,0,156,1
11,29.4,79.7,1005.2,332.4,3900,5,2,162,1
12,29.6,80.0,1005.0,365.2,3980,5,2,162,1
13,29.1,79.1,1005.6,310.5,3700,5,1,162,1
14,29.0,79.5,1004.9,382.1,4000,5,1,162,1
15,29.5,80.2,1005.1,345.8,3820,5,1,162,1
16,29.6,79.3,1005.7,338.4,3950,5,1,162,1
17,29.2,79.7,1005.2,325.7,3990,5,1,162,1
18,28.9,78.9,1005.8,300.8,3720,5,1,162,1
19,29.3,80.0,1005.4,368.9,4000,5,1,162,1
20,29.1,79.2,1004.8,340.2,3920,5,1,162,1
11,29.2,79.0,1004.8,315.8,3600,6,2,168,1
12,29.5,79.4,1004.6,348.6,3750,6,2,168,1
13,29.0,78.5,1005.2,305.4,3420,6,1,168,1
14,28.9,78.9,1004.5,370.7,3900,6,1,168,1
15,29.4,79.7,1004.7,330.5,3580,6,1,168,1
16,29.5,78.8,1005.3,325.6,3680,6,1,168,1
17,29.1,79.2,1004.8,310.4,3820,6,1,168,1
18,28.8,78.4,1005.4,300.9,3550,6,1,168,1
19,29.3,79.5,1005.0,352.1,3950,6,1,168,1
20,29.2,78.7,1004.4,318.3,3700,6,1,168,1
11,30.3,79.8,1005.3,335.2,3820,6,2,174,1
12,30.6,80.2,1005.1,368.5,3950,6,2,174,1
13,29.9,79.3,1005.7,320.4,3600,6,1,174,1
14,29.8,79.7,1005.0,385.7,4000,6,1,174,1
15,30.4,80.4,1005.2,345.6,3780,6,1,174,1
16,30.5,79.5,1005.8,338.9,3920,6,1,174,1
17,30.1,79.9,1005.3,325.8,3990,6,1,174,1
18,29.7,79.1,1005.9,305.6,3680,6,1,174,1
19,30.2,80.1,1005.5,370.1,4000,6,1,174,1
20,30.0,79.4,1004.9,340.7,3880,6,1,174,1
11,30.5,79.5,1005.2,360.6,3900,6,2,180,1
12,30.8,79.9,1005.0,395.2,4050,6,2,180,1
13,30.1,79.0,1005.6,345.7,3750,6,1,180,1
14,30.0,79.4,1004.9,410.3,4200,6,1,180,1
15,30.6,80.1,1005.1,370.8,3950,6,1,180,1
16,30.7,79.2,1005.7,365.4,4080,6,1,180,1
17,30.3,79.6,1005.2,350.2,4150,6,1,180,1
18,29.9,78.8,1005.8,330.6,3820,6,1,180,1
19,30.4,79.8,1005.4,398.7,4250,6,1,180,1
20,30.2,79.1,1004.8,368.5,4000,6,1,180,1
11,29.7,80.4,1004.8,300.4,3600,6,3,186,1
12,30.0,80.8,1004.6,335.9,3720,6,3,186,1
13,29.3,79.9,1005.2,285.6,3400,6,2,186,1
14,29.2,80.3,1004.5,350.2,3820,6,2,186,1
15,29.8,81.0,1004.7,310.3,3550,6,2,186,1
16,29.9,80.1,1005.3,305.8,3680,6,2,186,1
17,29.5,80.5,1004.8,290.6,3750,6,2,186,1
18,29.1,79.7,1005.4,270.4,3450,6,2,186,1
19,29.6,80.7,1005.0,338.2,3880,6,2,186,1
20,29.4,80.0,1004.4,308.5,3650,6,2,186,1
11,28.4,82.1,1005.4,312.6,3580,7,3,192,1
12,27.9,81.8,1005.1,295.3,3460,7,3,192,1
13,28.7,82.4,1005.3,334.7,3420,7,2,192,1
14,27.8,81.5,1005.2,281.9,3390,7,2,192,1
15,28.5,82.0,1005.0,305.6,3510,7,2,192,1
16,28.1,81.7,1005.3,322.4,3640,7,2,192,1
17,27.7,81.4,1005.5,274.6,3350,7,2,192,1
18,28.6,82.3,1005.2,341.5,3800,7,2,192,1
19,28.2,81.9,1005.1,297.8,3490,7,2,192,1
20,27.8,81.6,1005.4,286.2,3410,7,2,192,1
11,31.6,78.9,1004.6,287.5,3680,7,3,198,1
12,31.2,79.1,1004.4,316.4,3220,7,3,198,1
13,31.8,78.5,1004.5,268.7,3540,7,2,198,1
14,30.9,78.7,1004.7,338.9,3920,7,2,198,1
15,31.4,79.3,1004.3,299.6,3660,7,2,198,1
16,31.7,78.8,1004.6,324.5,3840,7,2,198,1
17,31.0,79.0,1004.8,276.8,3570,7,2,198,1
18,31.5,78.6,1004.4,342.1,3950,7,2,198,1
19,30.8,79.4,1004.5,292.7,3610,7,2,198,1
20,31.3,78.7,1004.6,309.3,3740,7,2,198,1
11,30.3,80.4,1004.8,318.7,3715,7,3,204,1
12,29.8,80.7,1004.6,287.1,3588,7,3,204,1
13,30.5,80.2,1004.9,332.4,3864,7,2,204,1
14,29.6,80.8,1004.7,269.3,3476,7,2,204,1
15,30.1,80.6,1004.5,307.9,3792,7,2,204,1
16,29.9,80.3,1005.0,296.5,3648,7,2,204,1
17,30.4,80.9,1004.8,341.8,3946,7,2,204,1
18,29.7,80.5,1005.1,274.2,3524,7,2,204,1
19,30.2,81.0,1004.7,323.6,3898,7,2,204,1
20,29.8,80.4,1004.9,291.4,3616,7,2,204,1
11,29.1,82.5,1005.3,278.6,4012,7,4,210,1
12,28.7,82.1,1005.0,312.9,3733,7,4,210,1
13,29.3,82.6,1005.4,265.7,3661,7,3,210,1
14,28.8,82.0,1005.2,336.4,3987,7,3,210,1
15,29.2,82.7,1005.1,294.8,3826,7,3,210,1
16,28.9,82.3,1005.5,319.5,3914,7,3,210,1
17,29.4,82.8,1005.2,271.9,3697,7,3,210,1
18,28.6,81.9,1005.6,344.1,4045,7,3,210,1
19,29.0,82.4,1005.3,286.3,3774,7,3,210,1
20,28.8,82.2,1005.1,327.7,3958,7,4,210,1
11,27.8,86.1,1007.2,301.2,3896,8,4,216,1
12,27.5,85.7,1007.6,328.9,3712,8,4,216,1
13,27.9,86.3,1008.0,296.4,3628,8,3,216,1
14,27.6,85.9,1007.4,342.8,3821,8,3,216,1
15,28.0,86.5,1007.8,310.7,3745,8,3,216,1
16,27.7,86.0,1008.1,334.6,3862,8,3,216,1
17,28.1,86.7,1007.5,298.1,3604,8,3,216,1
18,27.4,85.6,1008.2,351.5,3957,8,3,216,1
19,27.8,86.2,1007.3,306.3,3729,8,3,216,1
20,27.6,85.8,1007.7,339.4,3848,8,4,216,1
11,32.4,72.8,1003.8,254.6,4212,8,5,222,1
12,32.1,73.4,1003.6,271.3,4105,8,5,222,1
13,32.7,72.6,1003.7,243.5,3984,8,4,222,1
14,32.3,73.1,1003.5,286.7,4159,8,4,222,1
15,32.6,72.4,1003.6,262.8,4041,8,4,222,1
16,32.2,73.0,1003.7,279.1,4127,8,4,222,1
17,32.8,72.2,1003.5,247.4,3996,8,4,222,1
18,32.0,73.5,1003.8,292.6,4204,8,4,222,1
19,32.5,72.7,1003.6,259.9,4068,8,4,222,1
20,32.3,73.2,1003.7,283.4,4143,8,5,222,1
11,30.4,79.2,1004.6,289.7,4078,8,5,228,1
12,30.1,78.9,1004.5,314.2,3926,8,5,228,1
13,30.6,79.5,1004.7,276.3,3812,8,4,228,1
14,30.2,79.0,1004.6,329.8,4037,8,4,228,1
15,30.5,79.6,1004.5,298.4,3948,8,4,228,1
16,30.3,79.3,1004.7,318.1,4019,8,4,228,1
17,30.7,79.7,1004.6,282.5,3864,8,4,228,1
18,30.0,78.8,1004.8,336.9,4093,8,4,228,1
19,30.4,79.4,1004.6,291.6,3887,8,4,228,1
20,30.2,79.1,1004.5,324.7,3976,8,5,228,1
11,28.7,83.9,1007.6,332.5,3812,8,5,234,1
12,29.4,82.8,1007.2,276.3,3975,8,5,234,1
13,28.5,83.5,1008.0,348.1,3669,8,4,234,1
14,29.1,82.7,1007.4,295.6,3898,8,4,234,1
15,28.9,84.1,1007.9,321.8,3742,8,4,234,1
16,29.3,83.0,1007.3,269.7,3921,8,4,234,1
17,28.6,83.7,1007.8,340.4,3608,8,4,234,1
18,29.2,82.9,1007.5,287.9,4016,8,4,234,1
19,28.8,83.3,1008.0,314.2,3725,8,4,234,1
20,29.0,83.6,1007.7,303.1,3849,8,5,234,1
11,27.6,85.1,1008.4,295.2,3821,9,5,240,1
12,27.3,84.7,1007.2,334.1,3614,9,6,240,1
13,27.9,85.6,1008.6,286.4,3495,9,5,240,1
14,27.4,84.1,1008.3,359.5,3722,9,5,240,1
15,27.8,85.9,1008.3,312.8,3564,9,5,240,1
16,27.5,84.5,1008.6,341.9,3685,9,5,240,1
17,28.0,86.2,1007.4,289.7,3508,9,6,240,1
18,27.2,83.8,1007.2,372.5,3824,9,6,240,1
19,27.7,84.6,1008.3,302.5,3609,9,6,240,1
20,27.4,84.3,1007.2,345.7,3716,9,5,240,1
11,32.4,72.8,1004.8,248.6,4213,9,5,246,1
12,31.8,73.5,1004.9,289.6,3986,9,6,246,1
13,32.6,71.9,1005.0,235.7,4018,9,5,246,1
14,31.5,74.4,1004.7,301.7,4156,9,5,246,1
15,32.2,72.1,1004.8,258.4,4027,9,5,246,1
16,31.9,73.3,1005.1,297.5,4094,9,5,246,1
17,32.7,71.6,1004.9,238.1,4045,9,6,246,1
18,31.6,74.1,1005.1,315.9,4210,9,6,246,1
19,32.1,72.4,1004.9,249.3,4012,9,6,246,1
20,31.7,73.9,1004.8,296.2,4144,9,5,246,1
11,30.8,78.5,1005.0,267.9,4055,9,6,252,1
12,30.1,77.9,1005.0,304.8,3895,9,5,252,1
13,31.2,78.3,1005.2,256.3,3862,9,5,252,1
14,30.3,79.1,1004.9,324.6,3998,9,5,252,1
15,30.9,78.7,1005.0,274.6,3923,9,5,252,1
16,30.5,78.2,1005.2,309.8,3982,9,6,252,1
17,31.1,78.9,1005.1,254.7,3899,9,6,252,1
18,30.2,78.0,1005.3,329.4,4105,9,6,252,1
19,30.7,78.1,1005.1,266.8,3876,9,5,252,1
11,29.0,83.4,1008.2,281.4,3965,9,5,258,1
12,28.7,83.1,1008.0,318.7,3728,9,6,258,1
13,29.2,83.6,1008.3,269.5,3654,9,5,258,1
14,28.8,83.0,1008.1,341.2,3892,9,5,258,1
15,29.1,83.7,1008.4,297.3,3784,9,5,258,1
16,28.9,83.2,1008.2,323.6,3871,9,5,258,1
17,29.3,83.8,1008.5,274.1,3682,9,6,258,1
18,28.6,82.9,1008.3,349.8,4013,9,6,258,1
19,29.0,83.3,1008.1,288.6,3749,9,6,258,1
20,28.8,83.1,1008.4,331.5,3927,9,5,258,1
11,28.9,85.8,1007.6,285.4,4021,10,6,264,1
12,29.1,86.2,1007.9,271.8,4093,10,6,264,1
13,28.7,85.5,1007.3,298.6,3978,10,6,264,1
14,29.3,86.4,1008.0,263.7,4152,10,6,264,1
15,28.8,85.9,1007.7,276.9,4064,10,6,264,1
16,29.0,86.1,1008.1,289.2,3986,10,6,264,1
17,29.2,86.5,1007.8,267.5,4128,10,6,264,1
18,28.6,85.4,1007.5,301.3,3942,10,6,264,1
19,29.4,86.7,1008.2,259.6,4187,10,6,264,1
20,28.9,85.7,1007.4,293.1,4015,10,6,264,1
11,30.1,84.3,1008.3,248.6,4325,10,6,270,1
12,29.8,84.7,1008.0,261.4,4258,10,6,270,1
13,30.3,84.1,1008.5,239.7,4412,10,6,270,1
14,29.7,84.5,1008.2,255.9,4287,10,6,270,1
15,30.0,84.8,1008.6,244.2,4376,10,6,270,1
16,30.2,84.2,1008.4,251.6,4309,10,6,270,1
17,29.9,84.6,1008.1,263.8,4234,10,6,270,1
18,30.4,84.0,1008.7,236.5,4451,10,6,270,1
19,29.6,84.4,1008.3,258.7,4279,10,6,270,1
20,30.1,84.9,1008.5,242.3,4398,10,6,270,1
11,30.6,83.7,1008.8,221.4,4623,10,6,276,1
12,30.3,83.4,1008.6,235.7,4552,10,6,276,1
13,30.8,83.9,1009.0,214.8,4715,10,6,276,1
14,30.2,83.6,1008.7,228.1,4594,10,6,276,1
15,30.7,83.8,1009.1,219.6,4682,10,6,276,1
16,30.4,83.5,1008.9,233.2,4536,10,6,276,1
17,30.9,84.0,1009.2,211.7,4758,10,6,276,1
18,30.1,83.3,1008.6,240.5,4498,10,6,276,1
19,30.5,83.7,1008.8,225.9,4611,10,6,276,1
20,30.8,83.9,1009.0,217.3,4696,10,6,276,1
11,31.0,83.1,1009.3,198.6,4982,10,6,282,1
12,30.7,82.9,1009.1,205.4,4875,10,6,282,1
13,31.2,83.3,1009.5,192.7,5068,10,6,282,1
14,30.6,83.0,1009.2,209.8,4812,10,6,282,1
15,31.1,83.4,1009.6,194.3,5021,10,6,282,1
16,30.8,82.8,1009.0,212.5,4789,10,6,282,1
17,31.3,83.5,1009.7,189.6,5094,10,6,282,1
18,30.5,82.7,1009.1,215.7,4763,10,6,282,1
19,31.0,83.2,1009.4,201.2,4927,10,6,282,1
20,30.9,83.3,1009.3,197.8,5000,10,6,282,1
13,27.8,85.4,1008.0,273.9,4188,11,6,288,1
14,27.4,85.7,1008.2,261.5,4327,11,6,288,1
15,27.9,86.0,1008.4,249.8,4456,11,6,288,1
16,27.5,85.5,1008.1,266.2,4239,11,6,288,1
17,28.0,86.2,1008.5,243.7,4521,11,6,288,1
18,27.2,85.3,1008.0,278.6,4098,11,6,288,1
19,27.7,85.8,1008.3,257.4,4389,11,6,288,1
20,27.4,85.6,1008.2,263.1,4304,11,6,288,1
13,32.1,84.5,1008.8,231.7,4712,11,6,294,1
14,31.6,84.8,1008.7,236.9,4639,11,6,294,1
15,32.0,85.0,1008.9,228.4,4786,11,6,294,1
16,31.5,84.6,1008.6,242.8,4574,11,6,294,1
17,32.3,85.1,1009.0,224.9,4862,11,6,294,1
18,31.2,84.4,1008.5,247.3,4496,11,6,294,1
19,31.9,84.9,1008.8,233.6,4695,11,6,294,1
20,31.7,84.7,1008.7,239.2,4610,11,6,294,1
13,30.7,83.6,1009.2,208.7,4956,11,6,300,1
14,30.3,83.9,1009.1,213.2,4908,11,6,300,1
15,30.6,84.1,1009.3,205.4,4988,11,6,300,1
16,30.2,83.7,1009.0,221.6,4789,11,6,300,1
17,30.9,84.2,1009.4,199.8,4995,11,6,300,1
18,29.9,83.5,1008.9,226.7,4723,11,6,300,1
19,30.4,83.9,1009.2,210.3,4931,11,6,300,1
20,30.3,83.8,1009.1,212.5,4916,11,6,300,1
13,29.1,83.4,1009.6,189.2,5000,11,6,306,1
14,28.5,83.1,1009.4,205.6,4962,11,6,306,1
15,29.0,83.5,1009.7,192.8,4993,11,6,306,1
16,28.7,82.9,1009.2,208.9,4947,11,6,306,1
17,29.2,83.6,1009.8,185.7,5000,11,6,306,1
18,28.4,82.8,1009.3,212.4,4921,11,6,306,1
19,28.8,83.3,1009.5,198.3,4981,11,6,306,1
20,28.9,83.4,1009.4,194.6,4990,11,6,306,1
13,27.9,85.3,1009.6,209.8,4475,12,6,312,1
14,27.5,85.7,1009.3,218.7,4594,12,6,312,1
15,28.0,86.0,1009.7,205.4,4682,12,6,312,1
16,27.6,85.4,1009.1,226.1,4428,12,6,312,1
18,27.3,85.2,1009.0,231.4,4389,12,6,312,1
19,27.8,85.8,1009.5,212.9,4558,12,6,312,1
20,27.6,85.6,1009.3,216.5,4496,12,6,318,1
13,32.0,84.4,1008.4,192.6,4892,12,6,318,1
14,31.5,84.7,1008.1,201.8,4786,12,6,318,1
15,31.9,85.0,1008.5,189.4,4925,12,6,318,1
16,31.3,84.5,1008.0,208.6,4701,12,6,318,1
18,31.1,84.3,1007.9,214.3,4667,12,6,318,1
19,31.7,84.8,1008.3,196.7,4841,12,6,318,1
20,31.4,84.6,1008.2,199.5,4803,12,6,318,1
13,30.6,83.5,1008.5,181.4,4978,12,6,324,1
14,30.2,83.8,1008.2,189.7,4910,12,6,324,1
15,30.5,84.0,1008.6,178.9,4992,12,6,324,1
16,30.1,83.6,1008.1,196.2,4827,12,6,324,1
18,29.9,83.4,1007.9,201.3,4784,12,6,324,1
19,30.4,83.8,1008.4,184.2,4945,12,6,324,1
20,30.3,83.7,1008.3,186.5,4932,12,6,324,1
13,29.1,83.4,1009.7,189.2,5000,12,6,330,1
14,28.5,83.1,1009.5,205.6,4962,12,6,330,1
15,29.0,83.5,1009.8,192.8,4993,12,6,330,1
16,28.7,82.9,1009.3,208.9,4947,12,6,330,1
18,28.4,82.8,1009.4,212.4,4921,12,6,330,1
19,28.8,83.3,1009.6,198.3,4981,12,6,330,1
20,28.9,83.4,1009.5,194.6,4990,12,6,330,1
13,28.0,86.9,1009.3,246.7,4052,13,6,336,1
14,27.7,87.8,1009.1,258.9,4244,13,6,336,1
15,28.2,86.5,1009.4,239.8,3968,13,6,336,1
18,27.6,88.3,1009.3,266.8,4382,13,6,336,1
19,28.1,86.7,1009.4,244.2,4015,13,6,336,1
20,27.8,87.4,1009.2,249.7,4098,13,6,336,1
13,31.6,77.2,1008.7,186.5,4018,13,6,342,1
14,30.9,78.1,1008.5,204.6,3875,13,6,342,1
15,31.3,77.6,1008.8,192.9,3952,13,6,342,1
18,30.8,78.9,1008.7,216.2,3795,13,6,342,1
19,31.5,77.3,1008.8,189.7,3983,13,6,342,1
20,31.2,77.9,1008.6,200.5,3911,13,6,342,1
13,30.9,78.7,1004.7,338.9,3920,13,6,348,1
14,29.7,80.4,1008.9,230.2,4219,13,6,348,1
15,30.0,79.6,1009.2,213.5,4090,13,6,348,1
18,29.6,80.7,1009.1,241.3,4386,13,6,348,1
19,30.3,79.2,1009.2,208.1,3998,13,6,348,1
20,29.8,79.9,1009.0,221.6,4067,13,6,348,1
13,28.6,85.0,1009.7,237.4,4102,13,6,354,1
14,27.9,86.6,1009.5,261.5,4445,13,6,354,1
15,28.5,85.3,1009.8,240.6,4180,13,6,354,1
18,27.8,86.9,1009.7,269.4,4492,13,6,354,1
19,28.6,85.2,1009.8,234.8,4063,13,6,354,1
20,28.3,85.7,1009.6,247.9,4236,13,6,354,1
21,31.1,72.5,1004.2,357.5,4660,2,0,48,1
21,31.0,75.6,1003.5,339.0,4190,2,0,48,1
24,29.2,74.9,1009.2,385.5,3831,2,0,48,1
24,28.7,71.1,1005.3,352.4,3343,2,0,48,1
27,30.3,75.8,1006.9,381.7,4830,2,0,48,1
27,30.6,74.8,1006.3,343.2,4087,2,0,48,1
30,29.3,72.2,1005.8,478.2,4200,2,0,48,1
30,27.6,76.5,1004.5,315.4,4297,2,0,48,1
33,30.6,80.6,1006.9,324.9,4501,2,0,48,1
36,29.3,78.2,1005.3,294.8,4937,2,0,48,1
36,28.8,83.8,1006.9,242.8,3645,2,0,48,1
39,27.0,79.8,1004.0,333.9,4226,2,0,48,1
39,27.9,73.8,1006.2,236.9,4172,2,0,48,1
42,28.3,80.7,1009.4,365.7,4150,2,0,48,1
45,28.5,79.3,1008.2,442.8,3649,2,0,48,1
45,28.0,74.3,1007.7,382.6,4416,2,0,48,1
48,29.3,73.9,1006.8,347.3,4229,2,0,48,1
48,28.4,71.5,1007.4,358.0,4393,2,0,48,1
22,30.2,77.2,1007.1,357.0,4318,2,0,54,1
22,28.1,73.4,1005.5,384.7,4179,2,0,54,1
25,28.8,80.5,1005.2,344.5,3704,2,0,54,1
25,28.8,72.5,1003.9,239.8,4325,2,0,54,1
28,27.8,80.2,1009.7,350.7,4426,2,0,54,1
28,31.4,81.7,1006.8,344.8,4191,2,0,54,1
31,31.4,72.6,1006.4,376.7,4063,2,0,54,1
31,29.0,75.2,1007.5,381.0,4573,2,0,54,1
34,27.8,74.3,1005.8,409.5,4214,2,0,54,1
37,29.2,71.7,1006.3,452.3,3917,2,0,54,1
37,30.2,71.9,1005.2,389.9,4145,2,0,54,1
40,30.6,80.7,1008.2,385.2,4166,2,0,54,1
40,27.4,76.2,1003.7,345.6,4757,2,0,54,1
43,29.1,76.1,1005.2,326.0,5022,2,0,54,1
46,28.8,72.5,1007.8,398.4,3712,2,0,54,1
46,27.7,73.1,1009.8,435.9,4876,2,0,54,1
49,31.0,77.0,1005.1,364.7,4207,2,0,54,1
49,28.1,70.8,1004.8,471.4,3981,2,0,54,1
23,29.9,78.7,1005.6,448.3,4485,2,0,60,1
23,28.2,73.7,1003.7,299.3,3910,2,0,60,1
26,30.0,68.6,1004.2,453.0,3747,2,0,60,1
26,28.1,68.9,1006.1,392.1,4153,2,0,60,1
29,29.9,70.5,1006.8,344.3,3608,2,0,60,1
29,30.8,70.9,1008.0,263.4,3902,2,0,60,1
32,29.5,72.9,1007.6,210.6,5094,2,0,60,1
32,28.5,78.3,1008.2,355.8,4297,2,0,60,1
35,29.5,80.0,1006.2,263.8,3942,2,0,60,1
38,29.1,83.0,1007.8,396.1,3766,2,0,60,1
38,27.4,79.3,1005.9,176.6,4239,2,0,60,1
41,27.3,83.6,1008.6,390.5,5094,2,0,60,1
41,26.9,72.1,1007.4,344.9,4340,2,0,60,1
44,28.4,81.9,1009.4,302.9,3441,2,0,60,1
47,29.6,75.2,1009.4,491.4,3893,2,0,60,1
47,28.7,75.7,1009.8,410.6,4587,2,0,60,1
50,27.1,76.4,1007.4,431.6,4597,2,0,60,1
50,31.1,78.5,1005.5,284.2,4282,2,0,60,1
21,30.7,70.2,1006.9,269.7,4567,2,0,66,1
21,28.2,81.0,1004.4,369.8,5084,2,0,66,1
24,29.0,74.7,1009.1,397.5,4223,2,0,66,1
24,29.1,74.2,1005.5,378.2,3647,2,0,66,1
27,29.8,78.6,1005.2,481.2,4887,2,0,66,1
27,29.4,83.9,1007.1,433.5,3048,2,0,66,1
30,30.5,76.1,1005.7,338.6,3851,2,0,66,1
30,30.5,66.3,1007.7,271.7,4163,2,0,66,1
33,30.2,83.7,1005.3,394.6,5094,2,0,66,1
33,29.5,76.5,1007.5,377.4,4546,2,0,66,1
36,27.4,82.0,1006.2,367.9,4166,2,0,66,1
39,29.5,74.7,1006.9,418.0,4393,2,0,66,1
39,27.4,82.1,1005.8,265.3,4558,2,0,66,1
42,29.5,75.6,1006.9,343.2,5094,2,0,66,1
42,30.4,73.4,1004.5,348.6,4782,2,0,66,1
45,29.5,73.2,1007.0,221.1,3882,2,0,66,1
48,29.1,73.1,1009.8,291.4,4281,2,0,66,1
48,28.2,75.1,1008.7,345.2,4556,2,0,66,1
22,30.1,77.0,1008.4,383.4,3147,3,0,72,1
22,29.5,76.2,1005.0,372.1,4397,3,0,72,1
25,31.2,76.3,1003.5,342.0,4663,3,0,72,1
25,29.9,79.9,1006.4,351.5,3816,3,0,72,1
28,27.2,74.1,1008.2,324.5,4157,3,0,72,1
28,28.6,71.5,1006.3,416.7,4028,3,0,72,1
31,30.2,73.7,1006.6,393.5,4651,3,0,72,1
31,28.7,77.1,1003.5,298.2,4119,3,0,72,1
34,28.9,69.1,1004.4,367.5,4458,3,0,72,1
34,28.4,75.0,1004.2,282.0,4076,3,0,72,1
37,30.5,78.3,1005.9,384.7,3985,3,0,72,1
40,28.9,76.3,1007.5,372.4,4086,3,0,72,1
40,27.2,78.2,1007.6,389.0,3757,3,0,72,1
43,31.8,69.7,1006.0,351.4,4885,3,0,72,1
43,29.5,69.6,1008.3,305.0,4348,3,0,72,1
46,30.8,68.7,1007.5,315.9,4771,3,0,72,1
49,27.5,67.9,1003.5,321.2,4720,3,0,72,1
49,28.4,74.1,1005.9,491.4,4378,3,0,72,1
23,29.1,75.1,1005.2,355.5,4551,3,0,78,1
23,28.6,71.6,1005.2,292.8,3392,3,0,78,1
26,28.1,76.3,1006.3,340.0,4580,3,0,78,1
26,28.4,74.2,1006.4,306.9,4419,3,0,78,1
29,29.8,75.3,1005.4,344.2,3683,3,0,78,1
29,30.3,69.3,1006.6,253.5,3915,3,0,78,1
32,29.3,76.5,1007.0,372.0,4515,3,0,78,1
32,29.5,70.7,1007.0,261.1,4032,3,0,78,1
35,29.9,79.1,1005.3,317.5,4936,3,0,78,1
35,26.9,82.5,1009.0,338.5,3931,3,0,78,1
38,26.9,82.8,1008.4,318.7,3791,3,0,78,1
41,27.3,79.1,1004.0,383.5,4223,3,0,78,1
41,28.2,77.6,1009.1,396.1,5094,3,0,78,1
44,28.6,67.0,1004.2,367.0,4030,3,0,78,1
44,30.1,78.5,1007.4,352.6,4384,3,0,78,1
47,28.5,79.8,1008.0,384.2,4284,3,0,78,1
50,27.6,76.0,1005.5,363.7,3676,3,0,78,1
50,29.5,74.3,1007.4,265.4,3915,3,0,78,1
21,31.0,69.2,1004.8,339.1,4438,3,0,84,1
21,30.5,72.6,1008.1,321.2,4338,3,0,84,1
24,27.1,70.2,1008.0,462.5,4845,3,0,84,1
24,28.5,69.2,1007.7,491.4,4825,3,0,84,1
27,29.7,73.1,1007.4,404.8,3877,3,0,84,1
27,31.3,77.7,1006.6,432.1,4323,3,0,84,1
30,30.0,71.6,1006.4,345.4,4252,3,0,84,1
30,29.0,75.2,1005.7,480.3,4017,3,0,84,1
33,30.2,74.6,1005.4,337.7,4048,3,0,84,1
33,29.4,78.5,1007.6,457.3,4195,3,0,84,1
36,29.5,73.0,1006.4,413.4,5090,3,0,84,1
36,27.9,79.3,1003.5,346.4,4432,3,0,84,1
39,29.5,69.3,1007.7,360.1,3766,3,0,84,1
42,28.9,77.0,1007.3,322.0,4256,3,0,84,1
42,27.7,73.3,1004.8,418.9,4927,3,0,84,1
45,30.2,74.1,1005.6,251.8,4133,3,0,84,1
45,32.2,81.7,1008.4,301.3,5094,3,0,84,1
48,28.6,68.4,1007.8,377.0,4137,3,0,84,1
22,31.2,80.1,1003.5,321.4,3745,3,0,90,1
22,31.0,77.4,1003.5,423.8,4189,3,0,90,1
25,31.9,70.9,1007.3,220.2,5094,3,0,90,1
25,29.3,76.4,1007.2,383.9,4371,3,0,90,1
28,29.9,80.8,1006.1,418.2,4788,3,0,90,1
28,30.1,79.4,1007.2,353.1,4255,3,0,90,1
31,28.7,73.6,1004.4,447.5,5010,3,0,90,1
31,28.4,64.6,1008.6,383.4,3845,3,0,90,1
34,30.8,74.2,1007.6,466.9,4157,3,0,90,1
34,29.5,74.5,1004.8,338.7,3443,3,0,90,1
37,30.0,75.7,1005.0,353.4,4246,3,0,90,1
37,29.0,72.9,1007.1,419.1,4717,3,0,90,1
40,30.4,83.9,1006.3,402.3,4327,3,0,90,1
43,30.9,69.3,1006.1,293.2,4564,3,0,90,1
43,30.9,71.9,1005.5,216.2,5094,3,0,90,1
46,29.2,76.1,1009.1,387.4,5091,3,0,90,1
46,27.5,71.4,1006.8,487.4,4673,3,0,90,1
49,29.6,75.1,1006.5,491.4,3740,3,0,90,1
21,29.0,70.8,1006.6,187.0,4291,4,1,96,1
21,29.0,73.8,1004.4,271.7,4712,4,1,96,1
23,29.3,77.9,1005.0,377.7,4137,4,0,96,1
23,26.9,76.7,1004.6,425.8,4047,4,0,96,1
26,29.1,69.2,1008.4,430.2,3496,4,0,96,1
26,28.7,81.0,1005.2,368.1,4401,4,0,96,1
26,27.3,78.9,1004.0,365.2,3696,4,1,96,1
26,27.9,73.9,1005.0,357.6,3873,4,1,96,1
29,28.9,74.2,1005.8,463.6,3195,4,0,96,1
29,31.1,72.2,1005.5,311.9,4387,4,0,96,1
31,28.2,72.1,1004.7,369.1,4060,4,1,96,1
31,28.2,77.6,1004.2,318.5,3915,4,1,96,1
32,29.7,76.4,1008.5,377.4,4349,4,0,96,1
32,30.9,78.2,1007.4,247.4,4401,4,0,96,1
35,26.9,78.7,1007.6,259.6,4266,4,0,96,1
35,28.9,76.8,1006.3,254.1,4901,4,0,96,1
36,29.2,82.3,1006.9,316.8,3873,4,1,96,1
36,29.1,88.1,1004.2,244.7,3473,4,1,96,1
38,29.1,82.5,1005.9,255.7,3663,4,0,96,1
38,28.5,78.1,1005.9,329.1,4714,4,0,96,1
41,27.5,73.7,1009.2,420.2,4504,4,0,96,1
41,28.5,79.7,1008.0,372.3,4085,4,1,96,1
44,30.3,75.0,1008.7,383.4,3935,4,0,96,1
44,30.6,74.0,1008.4,412.2,4516,4,0,96,1
46,29.1,70.2,1008.0,347.6,4277,4,1,96,1
47,28.6,70.7,1007.0,372.5,3062,4,0,96,1
47,27.2,73.9,1008.6,387.2,3487,4,0,96,1
50,30.4,76.0,1006.1,463.6,4242,4,0,96,1
22,30.2,88.3,1004.9,211.0,3236,4,1,102,1
22,31.1,77.8,1006.3,235.0,3245,4,1,102,1
27,29.6,81.4,1004.3,383.1,3932,4,1,102,1
27,30.0,78.1,1004.6,403.6,3328,4,1,102,1
32,28.8,79.2,1007.8,383.4,4142,4,1,102,1
32,29.3,72.3,1007.6,344.9,3840,4,1,102,1
37,29.4,72.5,1005.9,309.3,3928,4,1,102,1
37,29.2,73.3,1006.2,379.3,3467,4,1,102,1
42,30.0,72.6,1004.1,246.5,5094,4,1,102,1
47,29.2,74.6,1007.2,355.5,4251,4,1,102,1
23,28.7,80.0,1005.8,194.1,3835,4,1,108,1
23,30.3,70.9,1005.1,232.9,3919,4,1,108,1
28,29.3,78.7,1007.2,471.2,3670,4,1,108,1
28,30.7,82.1,1004.1,383.7,4016,4,1,108,1
33,30.7,82.2,1006.8,314.6,4680,4,1,108,1
33,30.6,81.7,1005.8,399.5,4845,4,1,108,1
38,27.3,85.9,1006.9,306.5,3577,4,1,108,1
38,30.4,77.8,1003.8,311.8,3529,4,1,108,1
43,29.0,76.1,1005.2,284.4,3879,4,1,108,1
48,30.3,76.9,1004.7,298.1,3372,4,1,108,1
24,30.5,81.9,1008.8,341.5,4092,4,1,114,1
24,29.2,82.4,1004.8,359.1,3880,4,1,114,1
29,31.1,78.2,1003.5,269.1,3356,4,1,114,1
29,30.6,79.1,1004.3,272.0,3369,4,1,114,1
34,31.9,83.5,1004.3,331.4,3942,4,1,114,1
34,30.1,78.1,1005.6,295.0,3247,4,1,114,1
39,28.8,72.8,1004.9,316.0,3787,4,1,114,1
44,28.1,73.6,1004.0,335.9,3378,4,1,114,1
49,29.0,80.7,1003.7,434.0,3850,4,1,114,1
21,30.6,74.2,1003.5,252.8,3530,5,2,120,1
21,29.1,79.3,1006.9,267.0,3916,5,2,120,1
25,31.9,84.5,1006.3,343.1,3813,5,1,120,1
25,29.8,77.4,1005.1,302.7,4566,5,1,120,1
26,28.1,77.1,1003.5,232.2,4081,5,2,120,1
26,29.8,77.9,1008.5,341.5,3834,5,2,120,1
30,29.5,76.2,1005.7,380.6,3408,5,1,120,1
30,27.6,72.9,1005.5,346.4,3592,5,1,120,1
31,28.3,77.7,1003.5,327.1,4175,5,2,120,1
31,29.4,78.9,1003.5,406.9,3575,5,2,120,1
35,28.6,84.4,1006.6,302.8,4779,5,1,120,1
35,29.6,76.8,1009.5,361.3,4072,5,1,120,1
36,30.7,81.0,1006.5,311.9,2914,5,2,120,1
40,28.9,79.2,1006.0,354.2,3630,5,1,120,1
41,29.3,77.2,1006.6,240.4,3339,5,2,120,1
45,29.2,79.8,1005.7,386.3,3421,5,1,120,1
46,28.8,74.9,1006.8,400.1,3221,5,2,120,1
50,26.9,77.4,1003.5,260.8,3534,5,1,120,1
22,30.8,81.7,1004.8,340.5,3882,5,2,126,1
22,29.7,83.3,1005.8,357.4,3007,5,2,126,1
27,29.1,80.1,1003.5,285.8,3444,5,2,126,1
27,32.4,79.2,1003.5,284.5,3863,5,2,126,1
32,29.3,79.4,1003.6,255.2,4084,5,2,126,1
32,30.2,81.5,1004.5,348.2,3680,5,2,126,1
37,30.4,78.9,1004.6,315.3,3528,5,2,126,1
42,28.9,74.9,1003.5,277.6,4294,5,2,126,1
47,29.6,74.7,1004.6,382.3,3299,5,2,126,1
23,30.1,83.0,1004.6,257.5,3668,5,2,132,1
23,30.8,84.3,1004.2,249.6,3815,5,2,132,1
28,29.5,86.3,1005.9,337.8,4083,5,2,132,1
28,30.6,85.4,1003.5,407.5,4281,5,2,132,1
33,31.2,82.3,1007.6,405.8,3507,5,2,132,1
38,27.5,88.3,1003.5,238.7,3939,5,2,132,1
43,31.0,80.5,1006.5,263.4,3980,5,2,132,1
48,29.0,74.1,1006.1,342.0,2982,5,2,132,1
24,27.9,79.0,1004.2,369.0,3637,5,2,138,1
24,29.0,79.6,1004.7,224.0,3817,5,2,138,1
29,31.5,78.0,1003.5,351.0,4240,5,2,138,1
29,30.2,76.7,1005.1,315.1,3733,5,2,138,1
34,31.9,75.9,1003.5,298.4,4040,5,2,138,1
39,29.5,83.7,1008.1,291.0,2963,5,2,138,1
44,31.3,84.6,1006.7,402.9,3946,5,2,138,1
49,28.8,80.0,1004.8,295.5,3870,5,2,138,1
21,29.3,81.0,1003.5,315.0,3889,6,3,144,1
25,29.0,78.2,1003.9,253.1,4045,6,2,144,1
25,30.7,85.6,1004.2,291.9,4472,6,2,144,1
25,29.9,81.4,1005.2,198.6,4092,6,3,144,1
29,30.1,79.9,1008.5,322.3,2393,6,3,144,1
30,29.9,83.2,1005.6,376.3,3124,6,2,144,1
30,28.0,76.4,1003.5,364.3,3853,6,2,144,1
33,31.3,83.3,1003.5,330.4,3122,6,3,144,1
35,27.9,85.3,1006.8,342.1,3695,6,2,144,1
37,29.7,78.6,1007.4,349.3,4744,6,3,144,1
40,30.4,87.0,1004.5,293.5,4470,6,2,144,1
41,26.9,82.7,1004.9,192.7,3049,6,3,144,1
45,31.6,74.3,1007.1,330.7,3421,6,2,144,1
50,28.2,88.3,1004.2,242.7,3670,6,2,144,1
22,30.5,85.3,1004.1,322.5,3410,6,3,150,1
26,26.9,79.1,1005.1,248.1,3546,6,3,150,1
30,27.9,77.1,1004.9,324.3,3345,6,3,150,1
34,29.3,80.5,1003.9,209.8,3078,6,3,150,1
38,27.9,88.3,1006.9,204.5,4060,6,3,150,1
42,30.6,76.0,1004.9,241.5,4381,6,3,150,1
23,26.9,82.3,1006.4,274.8,3417,6,3,156,1
27,30.5,88.3,1003.8,376.0,3090,6,3,156,1
31,27.4,85.3,1006.1,316.8,4114,6,3,156,1
35,27.3,85.6,1009.0,330.5,3600,6,3,156,1
39,26.9,76.1,1008.1,361.0,3481,6,3,156,1
21,30.4,77.6,1004.7,206.9,3629,6,4,162,1
24,29.8,74.2,1003.5,340.7,3504,6,3,162,1
25,31.4,78.8,1004.7,281.0,3284,6,4,162,1
28,27.5,88.3,1007.3,301.9,3864,6,3,162,1
29,29.2,74.5,1005.8,302.3,4390,6,4,162,1
32,29.9,84.7,1005.0,319.2,3373,6,3,162,1
33,29.1,84.0,1006.4,327.1,4285,6,4,162,1
36,30.1,81.4,1006.8,276.9,3673,6,3,162,1
37,30.8,77.1,1004.5,265.0,3181,6,4,162,1
40,28.3,88.3,1007.1,321.0,4265,6,3,162,1
41,27.0,82.1,1005.5,260.3,3927,6,4,162,1
45,30.6,82.6,1007.4,328.1,3161,6,4,162,1
22,31.4,82.6,1005.4,117.2,4142,7,4,168,1
26,29.1,79.7,1003.5,404.1,3704,7,4,168,1
30,29.5,70.6,1004.4,322.1,3686,7,4,168,1
34,31.3,75.1,1006.2,206.3,4667,7,4,168,1
38,28.1,77.7,1004.4,274.6,3678,7,4,168,1
42,30.6,72.9,1005.9,315.8,4787,7,4,168,1
46,30.7,75.9,1009.8,363.2,4462,7,4,168,1
23,28.9,87.3,1003.5,270.4,4312,7,4,174,1
27,31.2,77.5,1006.3,371.8,4363,7,4,174,1
31,31.3,76.5,1003.5,368.3,3497,7,4,174,1
35,31.1,79.1,1006.6,358.6,3797,7,4,174,1
39,28.3,77.2,1004.9,214.9,3107,7,4,174,1
43,30.3,83.0,1005.2,158.2,4408,7,4,174,1
47,28.8,74.7,1006.8,279.3,3150,7,4,174,1
21,30.2,75.5,1005.9,330.8,3880,7,5,180,1
21,29.8,75.8,1005.5,149.1,3738,7,5,180,1
24,29.2,80.5,1004.8,400.8,3986,7,4,180,1
26,27.7,76.2,1004.3,491.4,3884,7,5,180,1
28,31.7,86.7,1006.2,267.7,4567,7,4,180,1
31,32.6,77.1,1004.3,287.3,4730,7,5,180,1
32,32.2,78.0,1004.1,324.7,4919,7,4,180,1
36,29.7,81.6,1007.1,242.1,3769,7,4,180,1
36,28.7,79.4,1006.6,247.3,3718,7,5,180,1
40,30.6,78.8,1005.6,312.1,5094,7,4,180,1
41,31.0,79.6,1008.0,312.8,3066,7,5,180,1
44,30.9,75.0,1007.3,284.0,4174,7,4,180,1
46,31.6,75.0,1009.8,306.9,4024,7,5,180,1
22,31.2,82.2,1004.8,303.3,2705,7,5,186,1
22,28.3,87.3,1006.3,245.8,3998,7,5,186,1
27,30.2,84.9,1006.2,358.2,3452,7,5,186,1
32,28.6,75.9,1006.1,359.6,3390,7,5,186,1
37,29.9,79.3,1006.3,384.2,3904,7,5,186,1
42,29.3,72.3,1005.3,269.4,4203,7,5,186,1
47,30.4,75.3,1006.1,302.1,3792,7,5,186,1
23,29.4,77.4,1003.5,163.1,3809,8,5,192,1
28,31.8,80.0,1007.2,395.5,3827,8,5,192,1
33,32.4,85.3,1006.2,341.1,3431,8,5,192,1
38,30.3,87.9,1004.1,306.8,4449,8,5,192,1
43,32.3,79.2,1009.8,251.5,4521,8,5,192,1
48,29.2,76.5,1003.7,292.9,3614,8,5,192,1
24,28.0,80.4,1006.2,235.4,3319,8,5,198,1
29,30.5,78.0,1006.5,216.0,3748,8,5,198,1
34,30.6,76.7,1003.5,301.4,3938,8,5,198,1
39,28.0,80.5,1006.6,313.5,3890,8,5,198,1
44,31.3,83.3,1006.1,354.4,4443,8,5,198,1
49,29.4,76.5,1004.3,338.1,4541,8,5,198,1
21,32.7,77.5,1009.8,227.3,4501,8,6,204,1
21,28.8,73.3,1007.3,208.1,5023,8,6,204,1
21,31.1,77.3,1006.0,144.0,4663,8,6,204,1
21,30.9,82.5,1005.1,236.7,4569,8,6,204,1
21,31.5,77.9,1005.8,277.3,4608,8,6,204,1
25,31.6,79.1,1005.4,242.2,4135,8,5,204,1
30,28.3,73.8,1004.7,377.4,4555,8,5,204,1
35,27.4,78.2,1006.3,249.4,3873,8,5,204,1
36,29.9,88.3,1008.3,136.5,3823,8,6,204,1
36,27.7,82.5,1009.3,297.7,4221,8,6,204,1
36,29.2,82.7,1008.9,208.6,3521,8,6,204,1
36,28.4,86.8,1009.1,215.5,3321,8,6,204,1
36,31.3,85.4,1009.8,127.5,4471,8,6,204,1
40,29.0,88.2,1005.1,336.5,4595,8,5,204,1
45,29.8,79.7,1007.9,276.1,3224,8,5,204,1
50,27.8,78.9,1008.5,285.5,3763,8,5,204,1
22,28.9,84.7,1006.7,110.5,4423,8,6,210,1
22,29.7,88.3,1007.1,200.6,4355,8,6,210,1
22,31.5,86.8,1009.1,232.2,3992,8,6,210,1
22,29.0,88.3,1007.7,272.7,5094,8,6,210,1
22,29.5,86.8,1006.6,282.5,4584,8,6,210,1
37,30.5,77.3,1009.1,254.9,4135,8,6,210,1
37,28.5,74.6,1009.1,206.1,5094,8,6,210,1
37,30.7,78.4,1009.8,327.9,4279,8,6,210,1
37,31.3,87.8,1009.8,304.7,4708,8,6,210,1
37,29.4,83.4,1007.9,250.0,3585,8,6,210,1
23,28.7,85.2,1006.5,369.8,3810,9,6,216,1
23,28.0,84.3,1004.0,242.1,4586,9,6,216,1
23,32.0,88.3,1007.4,159.1,3832,9,6,216,1
23,28.4,82.2,1009.3,133.0,4589,9,6,216,1
23,29.4,85.4,1007.1,261.3,3492,9,6,216,1
38,29.1,88.3,1009.0,177.8,3531,9,6,216,1
38,31.6,88.3,1009.3,187.6,4708,9,6,216,1
38,29.1,86.6,1007.8,364.5,3773,9,6,216,1
38,28.3,88.1,1006.8,200.8,3551,9,6,216,1
38,29.1,82.2,1006.6,198.9,4140,9,6,216,1
24,28.8,83.7,1009.8,211.4,4993,9,6,222,1
24,30.0,81.8,1006.9,216.5,4875,9,6,222,1
24,30.2,80.4,1009.5,283.7,4366,9,6,222,1
24,29.9,84.7,1009.4,215.7,4607,9,6,222,1
24,28.5,81.1,1008.1,213.7,4449,9,6,222,1
39,29.3,88.3,1009.8,291.3,4419,9,6,222,1
39,28.8,84.7,1009.8,261.7,5094,9,6,222,1
39,28.8,88.0,1008.8,192.6,3606,9,6,222,1
39,29.4,83.3,1009.8,237.3,3997,9,6,222,1
39,29.9,79.8,1009.8,245.0,4068,9,6,222,1
25,29.4,88.3,1008.1,323.2,5094,9,6,228,1
25,31.0,83.0,1008.7,223.0,5094,9,6,228,1
25,31.7,86.2,1006.9,158.2,5003,9,6,228,1
25,31.4,81.4,1007.0,171.6,4223,9,6,228,1
25,29.4,85.8,1008.2,203.7,4367,9,6,228,1
40,28.0,87.3,1009.4,321.8,4461,9,6,228,1
40,27.6,85.5,1007.2,328.4,4460,9,6,228,1
40,30.7,88.3,1009.3,199.1,4909,9,6,228,1
40,30.3,83.4,1008.2,252.5,5017,9,6,228,1
40,28.5,87.2,1009.8,261.6,5064,9,6,228,1
26,28.6,88.3,1005.6,252.5,5094,9,6,234,1
26,30.5,81.7,1006.6,367.9,4483,9,6,234,1
26,28.1,82.8,1008.4,267.3,4177,9,6,234,1
26,30.5,79.1,1006.9,212.7,4351,9,6,234,1
26,29.1,84.5,1008.1,322.7,4492,9,6,234,1
41,28.5,86.5,1009.8,294.0,4617,9,6,234,1
41,29.2,81.2,1008.9,365.0,5063,9,6,234,1
41,28.8,84.1,1007.0,235.6,3934,9,6,234,1
41,28.4,86.2,1009.8,110.5,3909,9,6,234,1
27,29.6,83.1,1008.8,307.2,4567,10,6,240,1
27,29.5,81.1,1007.3,262.3,4738,10,6,240,1
27,28.5,81.4,1006.2,283.8,4194,10,6,240,1
27,32.1,88.0,1006.2,227.9,4679,10,6,240,1
27,28.6,83.7,1008.4,353.9,4904,10,6,240,1
42,30.5,76.8,1006.7,225.3,5094,10,6,240,1
42,28.0,81.7,1009.5,203.2,4242,10,6,240,1
42,30.1,80.6,1007.8,278.9,4709,10,6,240,1
42,30.2,83.9,1009.2,302.5,4639,10,6,240,1
28,29.0,86.8,1009.8,353.9,4660,10,6,246,1
28,30.8,88.3,1009.1,316.9,5094,10,6,246,1
28,28.8,88.3,1009.0,273.8,4764,10,6,246,1
28,29.3,84.2,1007.6,198.0,4555,10,6,246,1
28,30.3,83.1,1009.0,256.8,4403,10,6,246,1
43,31.0,83.6,1006.2,122.5,5094,10,6,246,1
43,31.3,82.0,1009.3,194.2,5094,10,6,246,1
43,31.2,83.1,1009.8,149.8,4558,10,6,246,1
43,30.7,79.9,1007.8,157.2,4469,10,6,246,1
29,28.8,80.0,1006.8,286.5,3460,10,6,252,1
29,31.2,85.5,1005.4,173.1,3876,10,6,252,1
29,31.3,74.3,1008.7,114.4,3856,10,6,252,1
29,29.8,83.9,1007.6,160.9,4526,10,6,252,1
29,28.8,81.5,1007.6,258.2,3556,10,6,252,1
44,30.6,77.3,1009.8,260.1,5094,10,6,252,1
44,29.6,80.2,1009.7,286.1,3637,10,6,252,1
44,31.6,82.4,1009.8,286.9,4058,10,6,252,1
44,30.4,79.6,1009.0,145.9,4450,10,6,252,1
30,29.7,76.6,1009.7,291.0,4484,10,6,258,1
30,26.9,80.6,1009.8,219.1,4473,10,6,258,1
30,30.2,82.7,1008.8,258.6,5021,10,6,258,1
30,30.5,77.7,1005.3,222.2,3777,10,6,258,1
30,27.8,88.3,1006.5,264.4,4582,10,6,258,1
45,31.7,85.0,1009.1,250.8,4120,10,6,258,1
45,31.8,78.7,1009.3,221.1,3848,10,6,258,1
45,31.3,82.9,1009.8,340.0,4658,10,6,258,1
45,30.5,85.4,1008.6,210.1,4608,10,6,258,1
31,29.9,80.0,1008.8,275.9,4884,11,6,264,1
31,28.4,79.5,1008.2,212.9,5083,11,6,264,1
31,27.7,80.1,1007.9,390.6,5017,11,6,264,1
31,31.2,76.3,1007.3,359.7,4947,11,6,264,1
31,28.3,87.2,1007.7,286.9,5094,11,6,264,1
46,27.7,82.9,1009.8,121.4,4379,11,6,264,1
46,30.5,71.4,1008.7,223.2,5059,11,6,264,1
46,31.8,74.2,1009.0,258.2,4485,11,6,264,1
46,29.1,86.6,1007.7,259.3,4158,11,6,264,1
32,30.0,72.2,1008.4,284.8,5047,11,6,270,1
32,27.9,82.0,1008.5,283.2,4737,11,6,270,1
32,31.1,78.2,1009.8,227.3,3941,11,6,270,1
32,29.4,78.1,1008.9,188.1,5067,11,6,270,1
32,29.1,79.2,1008.7,125.8,4518,11,6,270,1
47,28.3,83.4,1009.6,361.5,3501,11,6,270,1
47,30.9,82.7,1009.8,157.3,4291,11,6,270,1
47,29.6,78.7,1009.8,333.9,4403,11,6,270,1
47,28.4,77.2,1008.9,322.8,3703,11,6,270,1
33,31.0,84.2,1008.2,288.1,4932,11,6,276,1
33,28.6,76.1,1007.2,225.8,4587,11,6,276,1
33,32.8,79.6,1007.4,240.6,4231,11,6,276,1
33,30.7,79.9,1009.8,310.5,4570,11,6,276,1
33,31.4,85.3,1009.7,301.1,4824,11,6,276,1
48,28.5,83.8,1008.3,203.4,4006,11,6,276,1
48,28.1,78.7,1009.6,266.8,4862,11,6,276,1
48,28.6,82.0,1009.8,281.0,4257,11,6,276,1
48,30.3,75.0,1008.7,334.2,4451,11,6,276,1
34,29.3,83.6,1008.9,164.0,4243,11,6,282,1
34,30.4,83.7,1005.0,117.5,4440,11,6,282,1
34,30.9,82.3,1007.3,320.7,3591,11,6,282,1
34,31.2,81.5,1005.3,212.1,3812,11,6,282,1
34,30.1,85.6,1006.1,293.3,4240,11,6,282,1
49,28.8,85.8,1009.5,185.0,4289,11,6,282,1
49,27.5,81.0,1005.6,182.1,4872,11,6,282,1
49,31.2,82.0,1007.2,308.9,4659,11,6,282,1
49,29.9,86.1,1008.7,306.8,5052,11,6,282,1
35,29.5,88.3,1009.0,187.4,4351,12,6,288,1
35,28.6,86.7,1008.7,206.9,5094,12,6,288,1
35,30.5,84.2,1009.8,321.3,5094,12,6,288,1
35,28.3,83.8,1009.8,226.7,3965,12,6,288,1
35,29.8,88.3,1006.2,205.9,4377,12,6,288,1
50,29.0,84.1,1009.8,211.7,4092,12,6,288,1
50,29.2,88.3,1009.8,208.9,3917,12,6,288,1
50,29.9,82.8,1007.2,137.0,4158,12,6,288,1
50,27.9,83.6,1009.8,246.3,4604,12,6,288,1
